Category	term	Term_desc	Count	%	PValue	Genes	List Total	Pop Hits	Pop Total	Fold Enrichment	Bonferroni	Benjamini	FDR
GOTERM_CC_DIRECT	GO:0005654	nucleoplasm	30	44.1176470588235	0.00000138	ANKRD17, RBM48, DDX47, CHD9, NDUFB5, GTF2E1, RPTOR, PTBP1, EMG1, PSMB4, DNAJB4, SF3B1, NDUFA9, ZBTB38, CARD8, IMP4, KNL1, USF1, EMSY, MRPL52, MED25, PSMC5, MED24, RPS27, KANSL2, NUP35, NSRP1, PTMA, TNRC6B, TRIM34	63	4077	20660	2.41307217024656	0.000209	0.000209	0.000208
GOTERM_MF_DIRECT	GO:0003735	structural constituent of ribosome	7	10.2941176470588	0.0000337	MRPL52, RPL41, RPS27, RPL7L1, RPL14, RPL35A, MRPL35	62	191	18976	11.2170241513258	0.004236953854867	0.00424588363888737	0.00424588363888737
GOTERM_MF_DIRECT	GO:0003723	RNA binding	15	22.0588235294118	0.000204	ANKRD17, RPL41, RBM48, DDX47, PRKCSH, RPL35A, PTBP1, EMG1, RPS27, CSDE1, RPL7L1, RPL14, NSRP1, SF3B1, TNRC6B	62	1483	18976	3.09573010245144	0.0253851309484464	0.0128551343384357	0.0128551343384357
GOTERM_BP_DIRECT	GO:0006364	rRNA processing	6	8.82352941176471	0.0000842	EMG1, RPS27, DDX47, RPL14, RPL35A, IMP4	64	138	19462	13.2214673913043	0.0276533968541063	0.0280417697270507	0.027873350689651
GOTERM_CC_DIRECT	GO:0022625	cytosolic large ribosomal subunit	4	5.88235294117647	0.000858	RPL41, RPL7L1, RPL14, RPL35A	63	62	20660	21.1571940604199	0.122319181855717	0.0652081517792932	0.0647791507807452
